model_name,r2ct,r2,truncated_percent,r2ctmean,r2ctstd,r2ctlower,r2ctupper,r2mean,r2std,r2lower,r2upper,hit_spread,hit_share
PCR_without_lookahead_ar,0.0059732696089134,0.0059732696089134,0.0,0.0059257823645706,0.0031923400823236,-0.0003918505521276,0.012502535875153,0.0059257823645706,0.0031923400823236,-0.0003918505521276,0.012502535875153,,1.0
PCR_Completed,0.005723604310141517,0.005723604310141517,0.0,0.005968465202927929,0.0040053327008192155,-0.0018937594040935755,0.01383501059471483,0.005968465202927929,0.0040053327008192155,-0.0018937594040935755,0.01383501059471483,,1.0
