model_name;r2ct;r2;truncated_percent;r2ctmean;r2ctstd;r2ctlower;r2ctupper;r2mean;r2std;r2lower;r2upper;hit_spread;hit_share
PCR_without_lookahead_ar;0.0059732696089134;0.0059732696089134;0.0;0.0059257823645706;0.0031923400823236;-0.0003918505521276;0.012502535875153;0.0059257823645706;0.0031923400823236;-0.0003918505521276;0.012502535875153;;1.0
combination_completed;0.0027417986770211;0.0025044490401707;0.0013888888888888;0.0027262647960821;0.0021953222341656;-0.0014564539414465;0.0071007283772242;0.0024815694974917;0.0023203734977128;-0.0019369347553948;0.0071007283772242;-0.1167039587358919;0.9986111111111112
chronos2_without_lookahead;0.0114847217030669;-0.0103364949531554;0.2222222222222222;0.0115559017327928;0.0097771356562411;-0.0082513110238195;0.0291181517651603;-0.0107974009904003;0.0187565929410957;-0.0506343782864133;0.0233106947549478;0.009335402461344;0.7777777777777778
tabpfn_without_lookahead_ar;0.006752480479494616;-0.016066086711247207;0.2388888888888889;0.00637963680315954;0.007612778492477769;-0.00931946243239093;0.02122415794703825;-0.017301365044060824;0.015870708768578243;-0.04976257818797435;0.012309074222194077;0.0017031718304266496;0.7611111111111111
