model_name;r2ct;r2;truncated_percent;r2ctmean;r2ctstd;r2ctlower;r2ctupper;r2mean;r2std;r2lower;r2upper;hit_spread;hit_share
PCR_without_lookahead_ar;0.0059732696089134;0.0059732696089134;0.0;0.0059257823645706;0.0031923400823236;-0.0003918505521276;0.012502535875153;0.0059257823645706;0.0031923400823236;-0.0003918505521276;0.012502535875153;;1.0
combination_completed;0.0027417986770211;0.0025044490401707;0.0013888888888888;0.0027262647960821;0.0021953222341656;-0.0014564539414465;0.0071007283772242;0.0024815694974917;0.0023203734977128;-0.0019369347553948;0.0071007283772242;-0.1167039587358919;0.9986111111111112
chronos2_without_lookahead;0.0114847217030669;-0.0103364949531554;0.2222222222222222;0.0115559017327928;0.0097771356562411;-0.0082513110238195;0.0291181517651603;-0.0107974009904003;0.0187565929410957;-0.0506343782864133;0.0233106947549478;0.009335402461344;0.7777777777777778
tabpfn_without_lookahead_ar;0.0067524804794946;-0.0160660867112472;0.2388888888888889;0.0063796368031595;0.0076127784924777;-0.0093194624323909;0.0212241579470382;-0.0173013650440608;0.0158707087685782;-0.0497625781879743;0.012309074222194;0.0017031718304266;0.7611111111111111
tabpfn_without_lookahead_ar_non_log;0.0075405831228481;-0.0125042965651807;0.1986111111111111;0.0070656832369811;0.0086884209478168;-0.0098874074931659;0.0233196567649211;-0.0136614877804101;0.0150803316055168;-0.0441063439834681;0.0157445883431786;-0.0018688941232078;0.8013888888888889
PCR_without_lookahead_ar_non_log;0.0123557289942024;0.0123873654107842;0.0055555555555555;0.0123659247010995;0.0057616630723242;0.0011822848358031;0.0239077630748583;0.0123982482237092;0.0057678823442807;0.0011830060452745;0.0239321577170412;0.0466599427374301;0.9944444444444444
combination_without_non_log;0.0051626556444563;0.0051626556444563;0.0;0.0051804708174878;0.0027650940698882;-0.0002784925357685;0.010719752066058;0.0051804708174878;0.0027650940698882;-0.0002784925357685;0.010719752066058;;1.0
chronos2_without_lookahead_non_log;0.014362901540511452;-0.009590255902596434;0.2263888888888889;0.014398626457210326;0.010113057025200304;-0.0065521805511971395;0.033060429452507464;-0.010063481468993303;0.01944049590368164;-0.0510743997699757;0.025615738407606;0.00921747460651386;0.7736111111111111
