model_name;r2ct;r2;truncated_percent;r2ctmean;r2ctstd;r2ctlower;r2ctupper;r2mean;r2std;r2lower;r2upper;hit_spread;hit_share
PCR_without_lookahead_ar;0.0059732696089134;0.0059732696089134;0.0;0.0059257823645706;0.0031923400823236;-0.0003918505521276;0.012502535875153;0.0059257823645706;0.0031923400823236;-0.0003918505521276;0.012502535875153;;1.0
combination_completed;0.0027417986770211;0.0025044490401707;0.0013888888888888;0.0027262647960821;0.0021953222341656;-0.0014564539414465;0.0071007283772242;0.0024815694974917;0.0023203734977128;-0.0019369347553948;0.0071007283772242;-0.1167039587358919;0.9986111111111112
chronos2_without_lookahead;0.0114847217030669;-0.0103364949531554;0.2222222222222222;0.0115559017327928;0.0097771356562411;-0.0082513110238195;0.0291181517651603;-0.0107974009904003;0.0187565929410957;-0.0506343782864133;0.0233106947549478;0.009335402461344;0.7777777777777778
tabpfn_without_lookahead_ar;0.0067524804794946;-0.0160660867112472;0.2388888888888889;0.0063796368031595;0.0076127784924777;-0.0093194624323909;0.0212241579470382;-0.0173013650440608;0.0158707087685782;-0.0497625781879743;0.012309074222194;0.0017031718304266;0.7611111111111111
tabpfn_without_lookahead_ar_non_log;0.00754058312284811;-0.012504296565180706;0.1986111111111111;0.007065683236981182;0.008688420947816841;-0.00988740749316594;0.02331965676492118;-0.013661487780410106;0.015080331605516802;-0.04410634398346815;0.015744588343178652;-0.0018688941232078132;0.8013888888888889
