model_name;r2ct;r2;truncated_percent;r2ctmean;r2ctstd;r2ctlower;r2ctupper;r2mean;r2std;r2lower;r2upper;hit_spread;hit_share
PCR_without_lookahead_ar;0.0059732696089134;0.0059732696089134;0.0;0.0059257823645706;0.0031923400823236;-0.0003918505521276;0.012502535875153;0.0059257823645706;0.0031923400823236;-0.0003918505521276;0.012502535875153;;1.0
combination_completed;0.0027417986770211;0.0025044490401707;0.0013888888888888;0.0027262647960821;0.0021953222341656;-0.0014564539414465;0.0071007283772242;0.0024815694974917;0.0023203734977128;-0.0019369347553948;0.0071007283772242;-0.1167039587358919;0.9986111111111112
chronos2_without_lookahead;0.011484721703066914;-0.010336494953155473;0.2222222222222222;0.01155590173279283;0.009777135656241128;-0.008251311023819546;0.029118151765160315;-0.01079740099040036;0.0187565929410957;-0.05063437828641336;0.02331069475494784;0.009335402461344011;0.7777777777777778
