model_name;r2ct;r2;truncated_percent;r2ctmean;r2ctstd;r2ctlower;r2ctupper;r2mean;r2std;r2lower;r2upper;hit_spread;hit_share
Chronos-2 (w/ Covariates);-0.019821428063958146;-0.030647470508219143;0.04583333333333333;-0.02002204178968683;0.006942464191711784;-0.03324105667867976;-0.006589084104907663;-0.03107073452194716;0.009043464860210645;-0.050091277207942556;-0.013338977013614787;0.0041536421447257235;0.9541666666666667
